package,asset_id,relative_path,status,notes
PACK_03,MM-P03-0001,Art/Characters/Heroes/hero_captain_spark.png,created_in_package_03,new MicroMasters asset
PACK_03,MM-P03-0002,Art/Characters/Heroes/hero_nova_chief.png,created_in_package_03,new MicroMasters asset
PACK_03,MM-P03-0003,Art/Characters/Heroes/hero_gem_baron.png,created_in_package_03,new MicroMasters asset
PACK_03,MM-P03-0004,Art/Characters/Heroes/hero_tiny_queen.png,created_in_package_03,new MicroMasters asset
PACK_03,MM-P03-0005,Art/Characters/Heroes/hero_professor_volt.png,created_in_package_03,new MicroMasters asset
PACK_03,MM-P03-0006,Art/Characters/Heroes/hero_clocksmith.png,created_in_package_03,new MicroMasters asset
PACK_03,MM-P03-0007,Art/Characters/Heroes/hero_portal_sage.png,created_in_package_03,new MicroMasters asset
PACK_03,MM-P03-0008,Art/Characters/Heroes/hero_mecha_mayor.png,created_in_package_03,new MicroMasters asset
PACK_03,MM-P03-0009,Art/Characters/Managers/manager_mine_manager.png,created_in_package_03,new MicroMasters asset
PACK_03,MM-P03-0010,Art/Characters/Managers/manager_forest_manager.png,created_in_package_03,new MicroMasters asset
PACK_03,MM-P03-0011,Art/Characters/Managers/manager_carrier_manager.png,created_in_package_03,new MicroMasters asset
PACK_03,MM-P03-0012,Art/Characters/Managers/manager_science_manager.png,created_in_package_03,new MicroMasters asset
PACK_03,MM-P03-0013,Art/Characters/Managers/manager_shop_manager.png,created_in_package_03,new MicroMasters asset
PACK_03,MM-P03-0014,Art/Characters/Managers/manager_event_manager.png,created_in_package_03,new MicroMasters asset
PACK_03,MM-P03-0015,Art/Characters/Managers/manager_world_manager.png,created_in_package_03,new MicroMasters asset
PACK_03,MM-P03-0016,Art/Characters/Managers/manager_bank_manager.png,created_in_package_03,new MicroMasters asset
PACK_03,MM-P03-0017,Art/Characters/Managers/manager_factory_manager.png,created_in_package_03,new MicroMasters asset
PACK_03,MM-P03-0018,Art/Characters/Managers/manager_quest_manager.png,created_in_package_03,new MicroMasters asset
PACK_03,MM-P03-0019,Art/Characters/Managers/manager_boost_manager.png,created_in_package_03,new MicroMasters asset
PACK_03,MM-P03-0020,Art/Characters/Managers/manager_guild_manager.png,created_in_package_03,new MicroMasters asset
PACK_03,MM-P03-0021,Art/Characters/Workers/Miners/worker_miner_lv03_premium_01.png,created_in_package_03,new MicroMasters asset
PACK_03,MM-P03-0022,Art/Characters/Workers/Miners/worker_miner_lv03_premium_02.png,created_in_package_03,new MicroMasters asset
PACK_03,MM-P03-0023,Art/Characters/Workers/Miners/worker_miner_lv03_premium_03.png,created_in_package_03,new MicroMasters asset
PACK_03,MM-P03-0024,Art/Characters/Workers/Miners/worker_miner_lv03_premium_04.png,created_in_package_03,new MicroMasters asset
PACK_03,MM-P03-0025,Art/Characters/Workers/Miners/worker_miner_lv03_premium_05.png,created_in_package_03,new MicroMasters asset
PACK_03,MM-P03-0026,Art/Characters/Workers/Miners/worker_miner_lv03_premium_06.png,created_in_package_03,new MicroMasters asset
PACK_03,MM-P03-0027,Art/Characters/Workers/Miners/worker_miner_lv03_premium_07.png,created_in_package_03,new MicroMasters asset
PACK_03,MM-P03-0028,Art/Characters/Workers/Miners/worker_miner_lv03_premium_08.png,created_in_package_03,new MicroMasters asset
PACK_03,MM-P03-0029,Art/Characters/Workers/Miners/worker_miner_lv03_premium_09.png,created_in_package_03,new MicroMasters asset
PACK_03,MM-P03-0030,Art/Characters/Workers/Miners/worker_miner_lv03_premium_10.png,created_in_package_03,new MicroMasters asset
PACK_03,MM-P03-0031,Art/Characters/Workers/Miners/worker_miner_lv03_premium_11.png,created_in_package_03,new MicroMasters asset
PACK_03,MM-P03-0032,Art/Characters/Workers/Miners/worker_miner_lv03_premium_12.png,created_in_package_03,new MicroMasters asset
PACK_03,MM-P03-0033,Art/Characters/Workers/Miners/worker_miner_lv03_premium_13.png,created_in_package_03,new MicroMasters asset
PACK_03,MM-P03-0034,Art/Characters/Workers/Miners/worker_miner_lv03_premium_14.png,created_in_package_03,new MicroMasters asset
PACK_03,MM-P03-0035,Art/Characters/Workers/Miners/worker_miner_lv03_premium_15.png,created_in_package_03,new MicroMasters asset
PACK_03,MM-P03-0036,Art/Characters/Workers/Loggers/worker_logger_lv03_premium_01.png,created_in_package_03,new MicroMasters asset
PACK_03,MM-P03-0037,Art/Characters/Workers/Loggers/worker_logger_lv03_premium_02.png,created_in_package_03,new MicroMasters asset
PACK_03,MM-P03-0038,Art/Characters/Workers/Loggers/worker_logger_lv03_premium_03.png,created_in_package_03,new MicroMasters asset
PACK_03,MM-P03-0039,Art/Characters/Workers/Loggers/worker_logger_lv03_premium_04.png,created_in_package_03,new MicroMasters asset
PACK_03,MM-P03-0040,Art/Characters/Workers/Loggers/worker_logger_lv03_premium_05.png,created_in_package_03,new MicroMasters asset
PACK_03,MM-P03-0041,Art/Characters/Workers/Loggers/worker_logger_lv03_premium_06.png,created_in_package_03,new MicroMasters asset
PACK_03,MM-P03-0042,Art/Characters/Workers/Loggers/worker_logger_lv03_premium_07.png,created_in_package_03,new MicroMasters asset
PACK_03,MM-P03-0043,Art/Characters/Workers/Loggers/worker_logger_lv03_premium_08.png,created_in_package_03,new MicroMasters asset
PACK_03,MM-P03-0044,Art/Characters/Workers/Loggers/worker_logger_lv03_premium_09.png,created_in_package_03,new MicroMasters asset
PACK_03,MM-P03-0045,Art/Characters/Workers/Loggers/worker_logger_lv03_premium_10.png,created_in_package_03,new MicroMasters asset
PACK_03,MM-P03-0046,Art/Characters/Workers/Loggers/worker_logger_lv03_premium_11.png,created_in_package_03,new MicroMasters asset
PACK_03,MM-P03-0047,Art/Characters/Workers/Loggers/worker_logger_lv03_premium_12.png,created_in_package_03,new MicroMasters asset
PACK_03,MM-P03-0048,Art/Characters/Workers/Loggers/worker_logger_lv03_premium_13.png,created_in_package_03,new MicroMasters asset
PACK_03,MM-P03-0049,Art/Characters/Workers/Loggers/worker_logger_lv03_premium_14.png,created_in_package_03,new MicroMasters asset
PACK_03,MM-P03-0050,Art/Characters/Workers/Loggers/worker_logger_lv03_premium_15.png,created_in_package_03,new MicroMasters asset
PACK_03,MM-P03-0051,Art/Characters/Workers/Carriers/worker_carrier_lv03_premium_01.png,created_in_package_03,new MicroMasters asset
PACK_03,MM-P03-0052,Art/Characters/Workers/Carriers/worker_carrier_lv03_premium_02.png,created_in_package_03,new MicroMasters asset
PACK_03,MM-P03-0053,Art/Characters/Workers/Carriers/worker_carrier_lv03_premium_03.png,created_in_package_03,new MicroMasters asset
PACK_03,MM-P03-0054,Art/Characters/Workers/Carriers/worker_carrier_lv03_premium_04.png,created_in_package_03,new MicroMasters asset
PACK_03,MM-P03-0055,Art/Characters/Workers/Carriers/worker_carrier_lv03_premium_05.png,created_in_package_03,new MicroMasters asset
PACK_03,MM-P03-0056,Art/Characters/Workers/Carriers/worker_carrier_lv03_premium_06.png,created_in_package_03,new MicroMasters asset
PACK_03,MM-P03-0057,Art/Characters/Workers/Carriers/worker_carrier_lv03_premium_07.png,created_in_package_03,new MicroMasters asset
PACK_03,MM-P03-0058,Art/Characters/Workers/Carriers/worker_carrier_lv03_premium_08.png,created_in_package_03,new MicroMasters asset
PACK_03,MM-P03-0059,Art/Characters/Workers/Carriers/worker_carrier_lv03_premium_09.png,created_in_package_03,new MicroMasters asset
PACK_03,MM-P03-0060,Art/Characters/Workers/Carriers/worker_carrier_lv03_premium_10.png,created_in_package_03,new MicroMasters asset
PACK_03,MM-P03-0061,Art/Characters/Workers/Carriers/worker_carrier_lv03_premium_11.png,created_in_package_03,new MicroMasters asset
PACK_03,MM-P03-0062,Art/Characters/Workers/Carriers/worker_carrier_lv03_premium_12.png,created_in_package_03,new MicroMasters asset
PACK_03,MM-P03-0063,Art/Characters/Workers/Carriers/worker_carrier_lv03_premium_13.png,created_in_package_03,new MicroMasters asset
PACK_03,MM-P03-0064,Art/Characters/Workers/Carriers/worker_carrier_lv03_premium_14.png,created_in_package_03,new MicroMasters asset
PACK_03,MM-P03-0065,Art/Characters/Workers/Carriers/worker_carrier_lv03_premium_15.png,created_in_package_03,new MicroMasters asset
PACK_03,MM-P03-0066,Art/Characters/Workers/Scientists/worker_scientist_lv03_premium_01.png,created_in_package_03,new MicroMasters asset
PACK_03,MM-P03-0067,Art/Characters/Workers/Scientists/worker_scientist_lv03_premium_02.png,created_in_package_03,new MicroMasters asset
PACK_03,MM-P03-0068,Art/Characters/Workers/Scientists/worker_scientist_lv03_premium_03.png,created_in_package_03,new MicroMasters asset
PACK_03,MM-P03-0069,Art/Characters/Workers/Scientists/worker_scientist_lv03_premium_04.png,created_in_package_03,new MicroMasters asset
PACK_03,MM-P03-0070,Art/Characters/Workers/Scientists/worker_scientist_lv03_premium_05.png,created_in_package_03,new MicroMasters asset
PACK_03,MM-P03-0071,Art/Characters/Workers/Scientists/worker_scientist_lv03_premium_06.png,created_in_package_03,new MicroMasters asset
PACK_03,MM-P03-0072,Art/Characters/Workers/Scientists/worker_scientist_lv03_premium_07.png,created_in_package_03,new MicroMasters asset
PACK_03,MM-P03-0073,Art/Characters/Workers/Scientists/worker_scientist_lv03_premium_08.png,created_in_package_03,new MicroMasters asset
PACK_03,MM-P03-0074,Art/Characters/Workers/Scientists/worker_scientist_lv03_premium_09.png,created_in_package_03,new MicroMasters asset
PACK_03,MM-P03-0075,Art/Characters/Workers/Scientists/worker_scientist_lv03_premium_10.png,created_in_package_03,new MicroMasters asset
PACK_03,MM-P03-0076,Art/Characters/Workers/Scientists/worker_scientist_lv03_premium_11.png,created_in_package_03,new MicroMasters asset
PACK_03,MM-P03-0077,Art/Characters/Workers/Scientists/worker_scientist_lv03_premium_12.png,created_in_package_03,new MicroMasters asset
PACK_03,MM-P03-0078,Art/Characters/Workers/Scientists/worker_scientist_lv03_premium_13.png,created_in_package_03,new MicroMasters asset
PACK_03,MM-P03-0079,Art/Characters/Workers/Scientists/worker_scientist_lv03_premium_14.png,created_in_package_03,new MicroMasters asset
PACK_03,MM-P03-0080,Art/Characters/Workers/Scientists/worker_scientist_lv03_premium_15.png,created_in_package_03,new MicroMasters asset
PACK_03,MM-P03-0081,Art/Buildings/Base/building_portal_hub_premium_lv01.png,created_in_package_03,new MicroMasters asset
PACK_03,MM-P03-0082,Art/Buildings/Base/building_portal_hub_premium_lv02.png,created_in_package_03,new MicroMasters asset
PACK_03,MM-P03-0083,Art/Buildings/Base/building_portal_hub_premium_lv03.png,created_in_package_03,new MicroMasters asset
PACK_03,MM-P03-0084,Art/Buildings/Base/building_portal_hub_premium_lv04.png,created_in_package_03,new MicroMasters asset
PACK_03,MM-P03-0085,Art/Buildings/Base/building_portal_hub_premium_lv05.png,created_in_package_03,new MicroMasters asset
PACK_03,MM-P03-0086,Art/Buildings/Production/building_micro_factory_premium_lv01.png,created_in_package_03,new MicroMasters asset
PACK_03,MM-P03-0087,Art/Buildings/Production/building_micro_factory_premium_lv02.png,created_in_package_03,new MicroMasters asset
PACK_03,MM-P03-0088,Art/Buildings/Production/building_micro_factory_premium_lv03.png,created_in_package_03,new MicroMasters asset
PACK_03,MM-P03-0089,Art/Buildings/Production/building_micro_factory_premium_lv04.png,created_in_package_03,new MicroMasters asset
PACK_03,MM-P03-0090,Art/Buildings/Production/building_micro_factory_premium_lv05.png,created_in_package_03,new MicroMasters asset
PACK_03,MM-P03-0091,Art/Buildings/Production/building_garden_lab_premium_lv01.png,created_in_package_03,new MicroMasters asset
PACK_03,MM-P03-0092,Art/Buildings/Production/building_garden_lab_premium_lv02.png,created_in_package_03,new MicroMasters asset
PACK_03,MM-P03-0093,Art/Buildings/Production/building_garden_lab_premium_lv03.png,created_in_package_03,new MicroMasters asset
PACK_03,MM-P03-0094,Art/Buildings/Production/building_garden_lab_premium_lv04.png,created_in_package_03,new MicroMasters asset
PACK_03,MM-P03-0095,Art/Buildings/Production/building_garden_lab_premium_lv05.png,created_in_package_03,new MicroMasters asset
PACK_03,MM-P03-0096,Art/Buildings/Decoration/building_sky_dock_premium_lv01.png,created_in_package_03,new MicroMasters asset
PACK_03,MM-P03-0097,Art/Buildings/Decoration/building_sky_dock_premium_lv02.png,created_in_package_03,new MicroMasters asset
PACK_03,MM-P03-0098,Art/Buildings/Decoration/building_sky_dock_premium_lv03.png,created_in_package_03,new MicroMasters asset
PACK_03,MM-P03-0099,Art/Buildings/Decoration/building_sky_dock_premium_lv04.png,created_in_package_03,new MicroMasters asset
PACK_03,MM-P03-0100,Art/Buildings/Decoration/building_sky_dock_premium_lv05.png,created_in_package_03,new MicroMasters asset
PACK_03,MM-P03-0101,Art/Buildings/Decoration/building_trade_post_premium_lv01.png,created_in_package_03,new MicroMasters asset
PACK_03,MM-P03-0102,Art/Buildings/Decoration/building_trade_post_premium_lv02.png,created_in_package_03,new MicroMasters asset
PACK_03,MM-P03-0103,Art/Buildings/Decoration/building_trade_post_premium_lv03.png,created_in_package_03,new MicroMasters asset
PACK_03,MM-P03-0104,Art/Buildings/Decoration/building_trade_post_premium_lv04.png,created_in_package_03,new MicroMasters asset
PACK_03,MM-P03-0105,Art/Buildings/Decoration/building_trade_post_premium_lv05.png,created_in_package_03,new MicroMasters asset
PACK_03,MM-P03-0106,Art/Buildings/Production/building_fusion_forge_premium_lv01.png,created_in_package_03,new MicroMasters asset
PACK_03,MM-P03-0107,Art/Buildings/Production/building_fusion_forge_premium_lv02.png,created_in_package_03,new MicroMasters asset
PACK_03,MM-P03-0108,Art/Buildings/Production/building_fusion_forge_premium_lv03.png,created_in_package_03,new MicroMasters asset
PACK_03,MM-P03-0109,Art/Buildings/Production/building_fusion_forge_premium_lv04.png,created_in_package_03,new MicroMasters asset
PACK_03,MM-P03-0110,Art/Buildings/Production/building_fusion_forge_premium_lv05.png,created_in_package_03,new MicroMasters asset
PACK_03,MM-P03-0111,Art/Buildings/Base/building_energy_core_premium_lv01.png,created_in_package_03,new MicroMasters asset
PACK_03,MM-P03-0112,Art/Buildings/Base/building_energy_core_premium_lv02.png,created_in_package_03,new MicroMasters asset
PACK_03,MM-P03-0113,Art/Buildings/Base/building_energy_core_premium_lv03.png,created_in_package_03,new MicroMasters asset
PACK_03,MM-P03-0114,Art/Buildings/Base/building_energy_core_premium_lv04.png,created_in_package_03,new MicroMasters asset
PACK_03,MM-P03-0115,Art/Buildings/Base/building_energy_core_premium_lv05.png,created_in_package_03,new MicroMasters asset
PACK_03,MM-P03-0116,Art/Buildings/Decoration/building_loot_vault_premium_lv01.png,created_in_package_03,new MicroMasters asset
PACK_03,MM-P03-0117,Art/Buildings/Decoration/building_loot_vault_premium_lv02.png,created_in_package_03,new MicroMasters asset
PACK_03,MM-P03-0118,Art/Buildings/Decoration/building_loot_vault_premium_lv03.png,created_in_package_03,new MicroMasters asset
PACK_03,MM-P03-0119,Art/Buildings/Decoration/building_loot_vault_premium_lv04.png,created_in_package_03,new MicroMasters asset
PACK_03,MM-P03-0120,Art/Buildings/Decoration/building_loot_vault_premium_lv05.png,created_in_package_03,new MicroMasters asset
PACK_03,MM-P03-0121,Art/Buildings/Decoration/building_royal_workshop_premium_lv01.png,created_in_package_03,new MicroMasters asset
PACK_03,MM-P03-0122,Art/Buildings/Decoration/building_royal_workshop_premium_lv02.png,created_in_package_03,new MicroMasters asset
PACK_03,MM-P03-0123,Art/Buildings/Decoration/building_royal_workshop_premium_lv03.png,created_in_package_03,new MicroMasters asset
PACK_03,MM-P03-0124,Art/Buildings/Decoration/building_royal_workshop_premium_lv04.png,created_in_package_03,new MicroMasters asset
PACK_03,MM-P03-0125,Art/Buildings/Decoration/building_royal_workshop_premium_lv05.png,created_in_package_03,new MicroMasters asset
PACK_03,MM-P03-0126,Art/Buildings/Decoration/building_star_observatory_premium_lv01.png,created_in_package_03,new MicroMasters asset
PACK_03,MM-P03-0127,Art/Buildings/Decoration/building_star_observatory_premium_lv02.png,created_in_package_03,new MicroMasters asset
PACK_03,MM-P03-0128,Art/Buildings/Decoration/building_star_observatory_premium_lv03.png,created_in_package_03,new MicroMasters asset
PACK_03,MM-P03-0129,Art/Buildings/Decoration/building_star_observatory_premium_lv04.png,created_in_package_03,new MicroMasters asset
PACK_03,MM-P03-0130,Art/Buildings/Decoration/building_star_observatory_premium_lv05.png,created_in_package_03,new MicroMasters asset
PACK_03,MM-P03-0131,Art/Worlds/Kitchen/tile_kitchen_premium_013.png,created_in_package_03,new MicroMasters asset
PACK_03,MM-P03-0132,Art/Worlds/Kitchen/tile_kitchen_premium_014.png,created_in_package_03,new MicroMasters asset
PACK_03,MM-P03-0133,Art/Worlds/Kitchen/tile_kitchen_premium_015.png,created_in_package_03,new MicroMasters asset
PACK_03,MM-P03-0134,Art/Worlds/Kitchen/tile_kitchen_premium_016.png,created_in_package_03,new MicroMasters asset
PACK_03,MM-P03-0135,Art/Worlds/Kitchen/tile_kitchen_premium_017.png,created_in_package_03,new MicroMasters asset
PACK_03,MM-P03-0136,Art/Worlds/Kitchen/tile_kitchen_premium_018.png,created_in_package_03,new MicroMasters asset
PACK_03,MM-P03-0137,Art/Worlds/Kitchen/tile_kitchen_premium_019.png,created_in_package_03,new MicroMasters asset
PACK_03,MM-P03-0138,Art/Worlds/Kitchen/tile_kitchen_premium_020.png,created_in_package_03,new MicroMasters asset
PACK_03,MM-P03-0139,Art/Worlds/Kitchen/tile_kitchen_premium_021.png,created_in_package_03,new MicroMasters asset
PACK_03,MM-P03-0140,Art/Worlds/Kitchen/tile_kitchen_premium_022.png,created_in_package_03,new MicroMasters asset
PACK_03,MM-P03-0141,Art/Worlds/Bathroom/tile_bathroom_premium_013.png,created_in_package_03,new MicroMasters asset
PACK_03,MM-P03-0142,Art/Worlds/Bathroom/tile_bathroom_premium_014.png,created_in_package_03,new MicroMasters asset
PACK_03,MM-P03-0143,Art/Worlds/Bathroom/tile_bathroom_premium_015.png,created_in_package_03,new MicroMasters asset
PACK_03,MM-P03-0144,Art/Worlds/Bathroom/tile_bathroom_premium_016.png,created_in_package_03,new MicroMasters asset
PACK_03,MM-P03-0145,Art/Worlds/Bathroom/tile_bathroom_premium_017.png,created_in_package_03,new MicroMasters asset
PACK_03,MM-P03-0146,Art/Worlds/Bathroom/tile_bathroom_premium_018.png,created_in_package_03,new MicroMasters asset
PACK_03,MM-P03-0147,Art/Worlds/Bathroom/tile_bathroom_premium_019.png,created_in_package_03,new MicroMasters asset
PACK_03,MM-P03-0148,Art/Worlds/Bathroom/tile_bathroom_premium_020.png,created_in_package_03,new MicroMasters asset
PACK_03,MM-P03-0149,Art/Worlds/Bathroom/tile_bathroom_premium_021.png,created_in_package_03,new MicroMasters asset
PACK_03,MM-P03-0150,Art/Worlds/Bathroom/tile_bathroom_premium_022.png,created_in_package_03,new MicroMasters asset
PACK_03,MM-P03-0151,Art/Worlds/Garden/tile_garden_premium_013.png,created_in_package_03,new MicroMasters asset
PACK_03,MM-P03-0152,Art/Worlds/Garden/tile_garden_premium_014.png,created_in_package_03,new MicroMasters asset
PACK_03,MM-P03-0153,Art/Worlds/Garden/tile_garden_premium_015.png,created_in_package_03,new MicroMasters asset
PACK_03,MM-P03-0154,Art/Worlds/Garden/tile_garden_premium_016.png,created_in_package_03,new MicroMasters asset
PACK_03,MM-P03-0155,Art/Worlds/Garden/tile_garden_premium_017.png,created_in_package_03,new MicroMasters asset
PACK_03,MM-P03-0156,Art/Worlds/Garden/tile_garden_premium_018.png,created_in_package_03,new MicroMasters asset
PACK_03,MM-P03-0157,Art/Worlds/Garden/tile_garden_premium_019.png,created_in_package_03,new MicroMasters asset
PACK_03,MM-P03-0158,Art/Worlds/Garden/tile_garden_premium_020.png,created_in_package_03,new MicroMasters asset
PACK_03,MM-P03-0159,Art/Worlds/Garden/tile_garden_premium_021.png,created_in_package_03,new MicroMasters asset
PACK_03,MM-P03-0160,Art/Worlds/Garden/tile_garden_premium_022.png,created_in_package_03,new MicroMasters asset
PACK_03,MM-P03-0161,Art/Worlds/Space/tile_space_premium_013.png,created_in_package_03,new MicroMasters asset
PACK_03,MM-P03-0162,Art/Worlds/Space/tile_space_premium_014.png,created_in_package_03,new MicroMasters asset
PACK_03,MM-P03-0163,Art/Worlds/Space/tile_space_premium_015.png,created_in_package_03,new MicroMasters asset
PACK_03,MM-P03-0164,Art/Worlds/Space/tile_space_premium_016.png,created_in_package_03,new MicroMasters asset
PACK_03,MM-P03-0165,Art/Worlds/Space/tile_space_premium_017.png,created_in_package_03,new MicroMasters asset
PACK_03,MM-P03-0166,Art/Worlds/Space/tile_space_premium_018.png,created_in_package_03,new MicroMasters asset
PACK_03,MM-P03-0167,Art/Worlds/Space/tile_space_premium_019.png,created_in_package_03,new MicroMasters asset
PACK_03,MM-P03-0168,Art/Worlds/Space/tile_space_premium_020.png,created_in_package_03,new MicroMasters asset
PACK_03,MM-P03-0169,Art/Worlds/Space/tile_space_premium_021.png,created_in_package_03,new MicroMasters asset
PACK_03,MM-P03-0170,Art/Worlds/Space/tile_space_premium_022.png,created_in_package_03,new MicroMasters asset
PACK_03,MM-P03-0171,Art/Worlds/Volcano/tile_volcano_premium_013.png,created_in_package_03,new MicroMasters asset
PACK_03,MM-P03-0172,Art/Worlds/Volcano/tile_volcano_premium_014.png,created_in_package_03,new MicroMasters asset
PACK_03,MM-P03-0173,Art/Worlds/Volcano/tile_volcano_premium_015.png,created_in_package_03,new MicroMasters asset
PACK_03,MM-P03-0174,Art/Worlds/Volcano/tile_volcano_premium_016.png,created_in_package_03,new MicroMasters asset
PACK_03,MM-P03-0175,Art/Worlds/Volcano/tile_volcano_premium_017.png,created_in_package_03,new MicroMasters asset
PACK_03,MM-P03-0176,Art/Worlds/Volcano/tile_volcano_premium_018.png,created_in_package_03,new MicroMasters asset
PACK_03,MM-P03-0177,Art/Worlds/Volcano/tile_volcano_premium_019.png,created_in_package_03,new MicroMasters asset
PACK_03,MM-P03-0178,Art/Worlds/Volcano/tile_volcano_premium_020.png,created_in_package_03,new MicroMasters asset
PACK_03,MM-P03-0179,Art/Worlds/Volcano/tile_volcano_premium_021.png,created_in_package_03,new MicroMasters asset
PACK_03,MM-P03-0180,Art/Worlds/Volcano/tile_volcano_premium_022.png,created_in_package_03,new MicroMasters asset
PACK_03,MM-P03-0181,Art/Icons/Currency/icon_currency_nano_coin.png,created_in_package_03,new MicroMasters asset
PACK_03,MM-P03-0182,Art/Icons/Currency/icon_currency_micro_coin.png,created_in_package_03,new MicroMasters asset
PACK_03,MM-P03-0183,Art/Icons/Currency/icon_currency_macro_coin.png,created_in_package_03,new MicroMasters asset
PACK_03,MM-P03-0184,Art/Icons/Currency/icon_currency_royal_gem.png,created_in_package_03,new MicroMasters asset
PACK_03,MM-P03-0185,Art/Icons/Currency/icon_currency_blue_gem.png,created_in_package_03,new MicroMasters asset
PACK_03,MM-P03-0186,Art/Icons/Currency/icon_currency_red_gem.png,created_in_package_03,new MicroMasters asset
PACK_03,MM-P03-0187,Art/Icons/Currency/icon_currency_energy.png,created_in_package_03,new MicroMasters asset
PACK_03,MM-P03-0188,Art/Icons/Currency/icon_currency_ticket.png,created_in_package_03,new MicroMasters asset
PACK_03,MM-P03-0189,Art/Icons/Currency/icon_currency_medal.png,created_in_package_03,new MicroMasters asset
PACK_03,MM-P03-0190,Art/Icons/Currency/icon_currency_star_coin.png,created_in_package_03,new MicroMasters asset
PACK_03,MM-P03-0191,Art/Icons/Currency/icon_currency_time_dust.png,created_in_package_03,new MicroMasters asset
PACK_03,MM-P03-0192,Art/Icons/Currency/icon_currency_prestige.png,created_in_package_03,new MicroMasters asset
PACK_03,MM-P03-0193,Art/Icons/Boosters/icon_booster_auto_merge.png,created_in_package_03,new MicroMasters asset
PACK_03,MM-P03-0194,Art/Icons/Boosters/icon_booster_double_output.png,created_in_package_03,new MicroMasters asset
PACK_03,MM-P03-0195,Art/Icons/Boosters/icon_booster_gold_rain.png,created_in_package_03,new MicroMasters asset
PACK_03,MM-P03-0196,Art/Icons/Boosters/icon_booster_instant_upgrade.png,created_in_package_03,new MicroMasters asset
PACK_03,MM-P03-0197,Art/Icons/Boosters/icon_booster_worker_frenzy.png,created_in_package_03,new MicroMasters asset
PACK_03,MM-P03-0198,Art/Icons/Boosters/icon_booster_time_skip.png,created_in_package_03,new MicroMasters asset
PACK_03,MM-P03-0199,Art/Icons/Boosters/icon_booster_super_magnet.png,created_in_package_03,new MicroMasters asset
PACK_03,MM-P03-0200,Art/Icons/Boosters/icon_booster_chest_burst.png,created_in_package_03,new MicroMasters asset
PACK_03,MM-P03-0201,Art/Icons/Boosters/icon_booster_research_x2.png,created_in_package_03,new MicroMasters asset
PACK_03,MM-P03-0202,Art/Icons/Boosters/icon_booster_rare_drop.png,created_in_package_03,new MicroMasters asset
PACK_03,MM-P03-0203,Art/Icons/Boosters/icon_booster_offline_x3.png,created_in_package_03,new MicroMasters asset
PACK_03,MM-P03-0204,Art/Icons/Boosters/icon_booster_event_boost.png,created_in_package_03,new MicroMasters asset
PACK_03,MM-P03-0205,Art/Icons/Buildings/icon_building_mine.png,created_in_package_03,new MicroMasters asset
PACK_03,MM-P03-0206,Art/Icons/Buildings/icon_building_factory.png,created_in_package_03,new MicroMasters asset
PACK_03,MM-P03-0207,Art/Icons/Buildings/icon_building_lab.png,created_in_package_03,new MicroMasters asset
PACK_03,MM-P03-0208,Art/Icons/Buildings/icon_building_bank.png,created_in_package_03,new MicroMasters asset
PACK_03,MM-P03-0209,Art/Icons/Buildings/icon_building_portal.png,created_in_package_03,new MicroMasters asset
PACK_03,MM-P03-0210,Art/Icons/Buildings/icon_building_garden.png,created_in_package_03,new MicroMasters asset
PACK_03,MM-P03-0211,Art/Icons/Buildings/icon_building_dock.png,created_in_package_03,new MicroMasters asset
PACK_03,MM-P03-0212,Art/Icons/Buildings/icon_building_vault.png,created_in_package_03,new MicroMasters asset
PACK_03,MM-P03-0213,Art/Icons/Buildings/icon_building_forge.png,created_in_package_03,new MicroMasters asset
PACK_03,MM-P03-0214,Art/Icons/Buildings/icon_building_market.png,created_in_package_03,new MicroMasters asset
PACK_03,MM-P03-0215,Art/Icons/Buildings/icon_building_house.png,created_in_package_03,new MicroMasters asset
PACK_03,MM-P03-0216,Art/Icons/Buildings/icon_building_tower.png,created_in_package_03,new MicroMasters asset
PACK_03,MM-P03-0217,Art/Icons/Actions/icon_action_tap.png,created_in_package_03,new MicroMasters asset
PACK_03,MM-P03-0218,Art/Icons/Actions/icon_action_drag.png,created_in_package_03,new MicroMasters asset
PACK_03,MM-P03-0219,Art/Icons/Actions/icon_action_merge.png,created_in_package_03,new MicroMasters asset
PACK_03,MM-P03-0220,Art/Icons/Actions/icon_action_build.png,created_in_package_03,new MicroMasters asset
PACK_03,MM-P03-0221,Art/Icons/Actions/icon_action_upgrade.png,created_in_package_03,new MicroMasters asset
PACK_03,MM-P03-0222,Art/Icons/Actions/icon_action_collect.png,created_in_package_03,new MicroMasters asset
PACK_03,MM-P03-0223,Art/Icons/Actions/icon_action_hire.png,created_in_package_03,new MicroMasters asset
PACK_03,MM-P03-0224,Art/Icons/Actions/icon_action_explore.png,created_in_package_03,new MicroMasters asset
PACK_03,MM-P03-0225,Art/Icons/Actions/icon_action_claim.png,created_in_package_03,new MicroMasters asset
PACK_03,MM-P03-0226,Art/Icons/Actions/icon_action_open.png,created_in_package_03,new MicroMasters asset
PACK_03,MM-P03-0227,Art/Icons/Actions/icon_action_research.png,created_in_package_03,new MicroMasters asset
PACK_03,MM-P03-0228,Art/Icons/Actions/icon_action_prestige.png,created_in_package_03,new MicroMasters asset
PACK_03,MM-P03-0229,Art/UI/Shop/ui_card_legendary_chest.png,created_in_package_03,new MicroMasters asset
PACK_03,MM-P03-0230,Art/UI/Shop/ui_card_starter_bundle.png,created_in_package_03,new MicroMasters asset
PACK_03,MM-P03-0231,Art/UI/Shop/ui_card_mega_value.png,created_in_package_03,new MicroMasters asset
PACK_03,MM-P03-0232,Art/UI/Shop/ui_card_remove_ads.png,created_in_package_03,new MicroMasters asset
PACK_03,MM-P03-0233,Art/UI/Shop/ui_card_daily_deal.png,created_in_package_03,new MicroMasters asset
PACK_03,MM-P03-0234,Art/UI/BattlePass/ui_card_season_track.png,created_in_package_03,new MicroMasters asset
PACK_03,MM-P03-0235,Art/UI/BattlePass/ui_card_premium_track.png,created_in_package_03,new MicroMasters asset
PACK_03,MM-P03-0236,Art/UI/Cards/ui_card_quest_chain.png,created_in_package_03,new MicroMasters asset
PACK_03,MM-P03-0237,Art/UI/Cards/ui_card_guild_mission.png,created_in_package_03,new MicroMasters asset
PACK_03,MM-P03-0238,Art/UI/Cards/ui_card_boss_week.png,created_in_package_03,new MicroMasters asset
PACK_03,MM-P03-0239,Art/UI/Cards/ui_card_world_unlock.png,created_in_package_03,new MicroMasters asset
PACK_03,MM-P03-0240,Art/UI/Cards/ui_card_kitchen_mastery.png,created_in_package_03,new MicroMasters asset
PACK_03,MM-P03-0241,Art/UI/Cards/ui_card_garden_mastery.png,created_in_package_03,new MicroMasters asset
PACK_03,MM-P03-0242,Art/UI/Cards/ui_card_space_mastery.png,created_in_package_03,new MicroMasters asset
PACK_03,MM-P03-0243,Art/UI/Cards/ui_card_volcano_mastery.png,created_in_package_03,new MicroMasters asset
PACK_03,MM-P03-0244,Art/UI/Cards/ui_card_worker_details.png,created_in_package_03,new MicroMasters asset
PACK_03,MM-P03-0245,Art/UI/Cards/ui_card_building_details.png,created_in_package_03,new MicroMasters asset
PACK_03,MM-P03-0246,Art/UI/Cards/ui_card_prestige_panel.png,created_in_package_03,new MicroMasters asset
PACK_03,MM-P03-0247,Art/UI/Cards/ui_card_offline_report.png,created_in_package_03,new MicroMasters asset
PACK_03,MM-P03-0248,Art/UI/Cards/ui_card_achievement.png,created_in_package_03,new MicroMasters asset
PACK_03,MM-P03-0249,Art/UI/Cards/ui_card_rank_league.png,created_in_package_03,new MicroMasters asset
PACK_03,MM-P03-0250,Art/UI/Cards/ui_card_event_calendar.png,created_in_package_03,new MicroMasters asset
PACK_03,MM-P03-0251,Art/UI/Cards/ui_card_energy_store.png,created_in_package_03,new MicroMasters asset
PACK_03,MM-P03-0252,Art/UI/Cards/ui_card_skin_select.png,created_in_package_03,new MicroMasters asset
PACK_03,MM-P03-0253,Art/UI/Cards/ui_card_manager_office.png,created_in_package_03,new MicroMasters asset
PACK_03,MM-P03-0254,Art/UI/Buttons/btn_aaaa_mega_claim.png,created_in_package_03,new MicroMasters asset
PACK_03,MM-P03-0255,Art/UI/Buttons/btn_aaaa_ultra_upgrade.png,created_in_package_03,new MicroMasters asset
PACK_03,MM-P03-0256,Art/UI/Buttons/btn_aaaa_prestige_now.png,created_in_package_03,new MicroMasters asset
PACK_03,MM-P03-0257,Art/UI/Buttons/btn_aaaa_unlock_world.png,created_in_package_03,new MicroMasters asset
PACK_03,MM-P03-0258,Art/UI/Buttons/btn_aaaa_hire_manager.png,created_in_package_03,new MicroMasters asset
PACK_03,MM-P03-0259,Art/UI/Buttons/btn_aaaa_start_event.png,created_in_package_03,new MicroMasters asset
PACK_03,MM-P03-0260,Art/UI/Buttons/btn_aaaa_open_vault.png,created_in_package_03,new MicroMasters asset
PACK_03,MM-P03-0261,Art/UI/Buttons/btn_aaaa_claim_free.png,created_in_package_03,new MicroMasters asset
PACK_03,MM-P03-0262,Art/UI/Buttons/btn_aaaa_buy_bundle.png,created_in_package_03,new MicroMasters asset
PACK_03,MM-P03-0263,Art/UI/Buttons/btn_aaaa_equip_hero.png,created_in_package_03,new MicroMasters asset
PACK_03,MM-P03-0264,Art/UI/Buttons/btn_aaaa_activate_boost.png,created_in_package_03,new MicroMasters asset
PACK_03,MM-P03-0265,Art/UI/Buttons/btn_aaaa_collect_x3.png,created_in_package_03,new MicroMasters asset
PACK_03,MM-P03-0266,Art/UI/Buttons/btn_aaaa_daily_spin.png,created_in_package_03,new MicroMasters asset
PACK_03,MM-P03-0267,Art/UI/Buttons/btn_aaaa_join_guild.png,created_in_package_03,new MicroMasters asset
PACK_03,MM-P03-0268,Art/UI/Buttons/btn_aaaa_rank_battle.png,created_in_package_03,new MicroMasters asset
PACK_03,MM-P03-0269,Art/UI/Buttons/btn_aaaa_auto_collect.png,created_in_package_03,new MicroMasters asset
PACK_03,MM-P03-0270,Art/UI/Buttons/btn_aaaa_factory_rush.png,created_in_package_03,new MicroMasters asset
PACK_03,MM-P03-0271,Art/UI/Buttons/btn_aaaa_portal_jump.png,created_in_package_03,new MicroMasters asset
PACK_03,MM-P03-0272,Art/UI/Buttons/btn_aaaa_repair_base.png,created_in_package_03,new MicroMasters asset
PACK_03,MM-P03-0273,Art/UI/Buttons/btn_aaaa_finish_now.png,created_in_package_03,new MicroMasters asset
PACK_03,MM-P03-0274,Art/FX/Portal/fx_portal_premium_15.png,created_in_package_03,new MicroMasters asset
PACK_03,MM-P03-0275,Art/FX/Portal/fx_portal_premium_16.png,created_in_package_03,new MicroMasters asset
PACK_03,MM-P03-0276,Art/FX/Portal/fx_portal_premium_17.png,created_in_package_03,new MicroMasters asset
PACK_03,MM-P03-0277,Art/FX/Portal/fx_portal_premium_18.png,created_in_package_03,new MicroMasters asset
PACK_03,MM-P03-0278,Art/FX/Portal/fx_portal_premium_19.png,created_in_package_03,new MicroMasters asset
PACK_03,MM-P03-0279,Art/FX/Portal/fx_portal_premium_20.png,created_in_package_03,new MicroMasters asset
PACK_03,MM-P03-0280,Art/FX/Portal/fx_portal_premium_21.png,created_in_package_03,new MicroMasters asset
PACK_03,MM-P03-0281,Art/FX/Portal/fx_portal_premium_22.png,created_in_package_03,new MicroMasters asset
PACK_03,MM-P03-0282,Art/FX/Portal/fx_portal_premium_23.png,created_in_package_03,new MicroMasters asset
PACK_03,MM-P03-0283,Art/FX/Portal/fx_portal_premium_24.png,created_in_package_03,new MicroMasters asset
PACK_03,MM-P03-0284,Art/FX/Build/fx_build_premium_15.png,created_in_package_03,new MicroMasters asset
PACK_03,MM-P03-0285,Art/FX/Build/fx_build_premium_16.png,created_in_package_03,new MicroMasters asset
PACK_03,MM-P03-0286,Art/FX/Build/fx_build_premium_17.png,created_in_package_03,new MicroMasters asset
PACK_03,MM-P03-0287,Art/FX/Build/fx_build_premium_18.png,created_in_package_03,new MicroMasters asset
PACK_03,MM-P03-0288,Art/FX/Build/fx_build_premium_19.png,created_in_package_03,new MicroMasters asset
PACK_03,MM-P03-0289,Art/FX/Build/fx_build_premium_20.png,created_in_package_03,new MicroMasters asset
PACK_03,MM-P03-0290,Art/FX/Build/fx_build_premium_21.png,created_in_package_03,new MicroMasters asset
PACK_03,MM-P03-0291,Art/FX/Build/fx_build_premium_22.png,created_in_package_03,new MicroMasters asset
PACK_03,MM-P03-0292,Art/FX/Build/fx_build_premium_23.png,created_in_package_03,new MicroMasters asset
PACK_03,MM-P03-0293,Art/FX/Build/fx_build_premium_24.png,created_in_package_03,new MicroMasters asset
PACK_03,MM-P03-0294,Art/FX/Merge/fx_merge_premium_15.png,created_in_package_03,new MicroMasters asset
PACK_03,MM-P03-0295,Art/FX/Merge/fx_merge_premium_16.png,created_in_package_03,new MicroMasters asset
PACK_03,MM-P03-0296,Art/FX/Merge/fx_merge_premium_17.png,created_in_package_03,new MicroMasters asset
PACK_03,MM-P03-0297,Art/FX/Merge/fx_merge_premium_18.png,created_in_package_03,new MicroMasters asset
PACK_03,MM-P03-0298,Art/FX/Merge/fx_merge_premium_19.png,created_in_package_03,new MicroMasters asset
PACK_03,MM-P03-0299,Art/FX/Merge/fx_merge_premium_20.png,created_in_package_03,new MicroMasters asset
PACK_03,MM-P03-0300,Art/FX/Merge/fx_merge_premium_21.png,created_in_package_03,new MicroMasters asset
PACK_03,MM-P03-0301,Art/FX/Merge/fx_merge_premium_22.png,created_in_package_03,new MicroMasters asset
PACK_03,MM-P03-0302,Art/FX/Merge/fx_merge_premium_23.png,created_in_package_03,new MicroMasters asset
PACK_03,MM-P03-0303,Art/FX/Merge/fx_merge_premium_24.png,created_in_package_03,new MicroMasters asset
PACK_03,MM-P03-0304,Art/FX/LevelUp/fx_levelup_premium_15.png,created_in_package_03,new MicroMasters asset
PACK_03,MM-P03-0305,Art/FX/LevelUp/fx_levelup_premium_16.png,created_in_package_03,new MicroMasters asset
PACK_03,MM-P03-0306,Art/FX/LevelUp/fx_levelup_premium_17.png,created_in_package_03,new MicroMasters asset
PACK_03,MM-P03-0307,Art/FX/LevelUp/fx_levelup_premium_18.png,created_in_package_03,new MicroMasters asset
PACK_03,MM-P03-0308,Art/FX/LevelUp/fx_levelup_premium_19.png,created_in_package_03,new MicroMasters asset
PACK_03,MM-P03-0309,Art/FX/LevelUp/fx_levelup_premium_20.png,created_in_package_03,new MicroMasters asset
PACK_03,MM-P03-0310,Art/FX/LevelUp/fx_levelup_premium_21.png,created_in_package_03,new MicroMasters asset
PACK_03,MM-P03-0311,Art/FX/LevelUp/fx_levelup_premium_22.png,created_in_package_03,new MicroMasters asset
PACK_03,MM-P03-0312,Art/FX/LevelUp/fx_levelup_premium_23.png,created_in_package_03,new MicroMasters asset
PACK_03,MM-P03-0313,Art/FX/LevelUp/fx_levelup_premium_24.png,created_in_package_03,new MicroMasters asset
PACK_03,MM-P03-0314,Art/Backgrounds/bg_premium_kitchen_kingdom.png,created_in_package_03,new MicroMasters asset
PACK_03,MM-P03-0315,Art/Backgrounds/bg_premium_bathroom_ocean.png,created_in_package_03,new MicroMasters asset
PACK_03,MM-P03-0316,Art/Backgrounds/bg_premium_garden_empire.png,created_in_package_03,new MicroMasters asset
PACK_03,MM-P03-0317,Art/Backgrounds/bg_premium_space_citadel.png,created_in_package_03,new MicroMasters asset
PACK_03,MM-P03-0318,Art/Backgrounds/bg_premium_volcano_forge.png,created_in_package_03,new MicroMasters asset
PACK_03,MM-P03-0319,Art/Backgrounds/bg_micro_city_sunrise.png,created_in_package_03,new MicroMasters asset
PACK_03,MM-P03-0320,Art/Backgrounds/bg_crystal_mine_depths.png,created_in_package_03,new MicroMasters asset
PACK_03,MM-P03-0321,Art/Backgrounds/bg_royal_workshop_night.png,created_in_package_03,new MicroMasters asset
PACK_03,MM-P03-0322,Art/Logos/badge_vip.png,created_in_package_03,new MicroMasters asset
PACK_03,MM-P03-0323,Art/Logos/badge_pro.png,created_in_package_03,new MicroMasters asset
PACK_03,MM-P03-0324,Art/Logos/badge_event.png,created_in_package_03,new MicroMasters asset
PACK_03,MM-P03-0325,Art/Logos/badge_rare.png,created_in_package_03,new MicroMasters asset
PACK_03,MM-P03-0326,Art/Logos/badge_epic.png,created_in_package_03,new MicroMasters asset
PACK_03,MM-P03-0327,Art/Logos/badge_mythic.png,created_in_package_03,new MicroMasters asset
PACK_03,MM-P03-0328,Art/Logos/badge_boost.png,created_in_package_03,new MicroMasters asset
PACK_03,MM-P03-0329,Art/Logos/badge_pass.png,created_in_package_03,new MicroMasters asset
PACK_03,MM-P03-0330,Art/Logos/badge_sale.png,created_in_package_03,new MicroMasters asset
PACK_03,MM-P03-0331,Art/Logos/badge_new.png,created_in_package_03,new MicroMasters asset
PACK_03,MM-P03-0332,Art/Logos/badge_hot.png,created_in_package_03,new MicroMasters asset
PACK_03,MM-P03-0333,Art/Logos/badge_max.png,created_in_package_03,new MicroMasters asset
PACK_03,MM-P03-0334,Audio/SFX/sfx_hero_unlock.wav,created_in_package_03,new MicroMasters asset
PACK_03,MM-P03-0335,Audio/SFX/sfx_manager_hired.wav,created_in_package_03,new MicroMasters asset
PACK_03,MM-P03-0336,Audio/SFX/sfx_portal_open.wav,created_in_package_03,new MicroMasters asset
PACK_03,MM-P03-0337,Audio/SFX/sfx_prestige_confirm.wav,created_in_package_03,new MicroMasters asset
PACK_03,MM-P03-0338,Audio/SFX/sfx_mega_reward.wav,created_in_package_03,new MicroMasters asset
PACK_03,MM-P03-0339,Audio/SFX/sfx_rare_drop.wav,created_in_package_03,new MicroMasters asset
PACK_03,MM-P03-0340,Audio/SFX/sfx_shop_purchase.wav,created_in_package_03,new MicroMasters asset
PACK_03,MM-P03-0341,Audio/SFX/sfx_world_complete.wav,created_in_package_03,new MicroMasters asset
PACK_03,MM-P03-0342,Audio/SFX/sfx_volcano_impact.wav,created_in_package_03,new MicroMasters asset
PACK_03,MM-P03-0343,Audio/SFX/sfx_factory_loop_tick.wav,created_in_package_03,new MicroMasters asset
PACK_03,MM-P03-0344,Audio/SFX/sfx_battlepass_claim.wav,created_in_package_03,new MicroMasters asset
PACK_03,MM-P03-0345,Audio/SFX/sfx_daily_spin.wav,created_in_package_03,new MicroMasters asset
PACK_03,MM-P03-0346,Data/Economy/economy_prestige_v003.json,created_in_package_03,new MicroMasters asset
PACK_03,MM-P03-0347,Data/Economy/economy_shop_v003.json,created_in_package_03,new MicroMasters asset
PACK_03,MM-P03-0348,Data/Config/heroes_v003.json,created_in_package_03,new MicroMasters asset
PACK_03,MM-P03-0349,Data/Config/events_v003.json,created_in_package_03,new MicroMasters asset
PACK_03,MM-P03-0350,Prefabs/UI/ui_premium_001.prefab,created_in_package_03,new MicroMasters asset
PACK_03,MM-P03-0351,Prefabs/UI/ui_premium_002.prefab,created_in_package_03,new MicroMasters asset
PACK_03,MM-P03-0352,Prefabs/UI/ui_premium_003.prefab,created_in_package_03,new MicroMasters asset
PACK_03,MM-P03-0353,Prefabs/UI/ui_premium_004.prefab,created_in_package_03,new MicroMasters asset
PACK_03,MM-P03-0354,Prefabs/UI/ui_premium_005.prefab,created_in_package_03,new MicroMasters asset
PACK_03,MM-P03-0355,Prefabs/Buildings/building_premium_001.prefab,created_in_package_03,new MicroMasters asset
PACK_03,MM-P03-0356,Prefabs/Buildings/building_premium_002.prefab,created_in_package_03,new MicroMasters asset
PACK_03,MM-P03-0357,Prefabs/Buildings/building_premium_003.prefab,created_in_package_03,new MicroMasters asset
PACK_03,MM-P03-0358,Prefabs/Buildings/building_premium_004.prefab,created_in_package_03,new MicroMasters asset
PACK_03,MM-P03-0359,Prefabs/Buildings/building_premium_005.prefab,created_in_package_03,new MicroMasters asset
PACK_03,MM-P03-0360,Prefabs/Workers/worker_premium_001.prefab,created_in_package_03,new MicroMasters asset
PACK_03,MM-P03-0361,Prefabs/Workers/worker_premium_002.prefab,created_in_package_03,new MicroMasters asset
PACK_03,MM-P03-0362,Prefabs/Workers/worker_premium_003.prefab,created_in_package_03,new MicroMasters asset
PACK_03,MM-P03-0363,Materials/UI/mat_premium_ui_001.mat,created_in_package_03,new MicroMasters asset
PACK_03,MM-P03-0364,Materials/UI/mat_premium_ui_002.mat,created_in_package_03,new MicroMasters asset
PACK_03,MM-P03-0365,Materials/UI/mat_premium_ui_003.mat,created_in_package_03,new MicroMasters asset
PACK_03,MM-P03-0366,Materials/Worlds/mat_premium_world_001.mat,created_in_package_03,new MicroMasters asset
PACK_03,MM-P03-0367,Materials/Worlds/mat_premium_world_002.mat,created_in_package_03,new MicroMasters asset
PACK_03,MM-P03-0368,Animations/UI/anim_premium_ui_001.anim,created_in_package_03,new MicroMasters asset
PACK_03,MM-P03-0369,Animations/UI/anim_premium_ui_002.anim,created_in_package_03,new MicroMasters asset
PACK_03,MM-P03-0370,Animations/UI/anim_premium_ui_003.anim,created_in_package_03,new MicroMasters asset
PACK_03,MM-P03-0371,Animations/Workers/anim_premium_worker_001.anim,created_in_package_03,new MicroMasters asset
PACK_03,MM-P03-0372,Animations/Workers/anim_premium_worker_002.anim,created_in_package_03,new MicroMasters asset
PACK_03,MM-P03-0373,Animations/Workers/anim_premium_worker_003.anim,created_in_package_03,new MicroMasters asset
PACK_03,MM-P03-0374,SpriteSheets/spritesheet_heroes_pack03.png,created_in_package_03,new MicroMasters asset
PACK_03,MM-P03-0375,SpriteSheets/spritesheet_managers_pack03.png,created_in_package_03,new MicroMasters asset
PACK_03,MM-P03-0376,SpriteSheets/spritesheet_boosters_pack03.png,created_in_package_03,new MicroMasters asset
PACK_03,MM-P03-0377,SpriteSheets/spritesheet_ui_cards_pack03.png,created_in_package_03,new MicroMasters asset
